Image,Mask
JPCLN013.png,JPCLN013msk.png
JPCLN014.png,JPCLN014msk.png
JPCLN015.png,JPCLN015msk.png
JPCLN016.png,JPCLN016msk.png
JPCLN017.png,JPCLN017msk.png
JPCLN018.png,JPCLN018msk.png
JPCLN019.png,JPCLN019msk.png
JPCLN020.png,JPCLN020msk.png
JPCLN021.png,JPCLN021msk.png
JPCLN022.png,JPCLN022msk.png
JPCLN023.png,JPCLN023msk.png
JPCLN024.png,JPCLN024msk.png
JPCLN025.png,JPCLN025msk.png
JPCLN026.png,JPCLN026msk.png
JPCLN027.png,JPCLN027msk.png
JPCLN028.png,JPCLN028msk.png
JPCLN029.png,JPCLN029msk.png
JPCLN030.png,JPCLN030msk.png
JPCLN031.png,JPCLN031msk.png
JPCLN032.png,JPCLN032msk.png
JPCLN033.png,JPCLN033msk.png
JPCLN034.png,JPCLN034msk.png
JPCLN035.png,JPCLN035msk.png
JPCLN036.png,JPCLN036msk.png
JPCLN037.png,JPCLN037msk.png
JPCLN038.png,JPCLN038msk.png
JPCLN039.png,JPCLN039msk.png
JPCLN040.png,JPCLN040msk.png
JPCLN041.png,JPCLN041msk.png
JPCLN042.png,JPCLN042msk.png
JPCLN043.png,JPCLN043msk.png
JPCLN044.png,JPCLN044msk.png
JPCLN045.png,JPCLN045msk.png
JPCLN046.png,JPCLN046msk.png
JPCLN047.png,JPCLN047msk.png
JPCLN048.png,JPCLN048msk.png
JPCLN049.png,JPCLN049msk.png
JPCLN050.png,JPCLN050msk.png
JPCLN051.png,JPCLN051msk.png
JPCLN052.png,JPCLN052msk.png
JPCLN053.png,JPCLN053msk.png
JPCLN054.png,JPCLN054msk.png
JPCLN055.png,JPCLN055msk.png
JPCLN056.png,JPCLN056msk.png
JPCLN057.png,JPCLN057msk.png
JPCLN058.png,JPCLN058msk.png
JPCLN059.png,JPCLN059msk.png
JPCLN060.png,JPCLN060msk.png
JPCLN061.png,JPCLN061msk.png
JPCLN062.png,JPCLN062msk.png
JPCLN063.png,JPCLN063msk.png
JPCLN064.png,JPCLN064msk.png
JPCLN065.png,JPCLN065msk.png
JPCLN066.png,JPCLN066msk.png
JPCLN067.png,JPCLN067msk.png
JPCLN068.png,JPCLN068msk.png
JPCLN069.png,JPCLN069msk.png
JPCLN070.png,JPCLN070msk.png
JPCLN071.png,JPCLN071msk.png
JPCLN072.png,JPCLN072msk.png
JPCLN073.png,JPCLN073msk.png
JPCLN074.png,JPCLN074msk.png
JPCLN075.png,JPCLN075msk.png
JPCLN076.png,JPCLN076msk.png
JPCLN077.png,JPCLN077msk.png
JPCLN078.png,JPCLN078msk.png
JPCLN079.png,JPCLN079msk.png
JPCLN080.png,JPCLN080msk.png
JPCLN081.png,JPCLN081msk.png
JPCLN082.png,JPCLN082msk.png
JPCLN083.png,JPCLN083msk.png
JPCLN084.png,JPCLN084msk.png
JPCLN085.png,JPCLN085msk.png
JPCLN086.png,JPCLN086msk.png
JPCLN087.png,JPCLN087msk.png
JPCLN088.png,JPCLN088msk.png
JPCLN089.png,JPCLN089msk.png
JPCLN090.png,JPCLN090msk.png
JPCLN091.png,JPCLN091msk.png
JPCLN092.png,JPCLN092msk.png
JPCLN093.png,JPCLN093msk.png
JPCLN094.png,JPCLN094msk.png
JPCLN095.png,JPCLN095msk.png
JPCLN096.png,JPCLN096msk.png
JPCLN097.png,JPCLN097msk.png
JPCLN098.png,JPCLN098msk.png
JPCLN099.png,JPCLN099msk.png
JPCLN100.png,JPCLN100msk.png
JPCLN101.png,JPCLN101msk.png
JPCLN102.png,JPCLN102msk.png
JPCLN103.png,JPCLN103msk.png
JPCLN104.png,JPCLN104msk.png
JPCLN105.png,JPCLN105msk.png
JPCLN106.png,JPCLN106msk.png
JPCLN107.png,JPCLN107msk.png
JPCLN108.png,JPCLN108msk.png
JPCLN109.png,JPCLN109msk.png
JPCLN110.png,JPCLN110msk.png
JPCLN111.png,JPCLN111msk.png
JPCLN112.png,JPCLN112msk.png
JPCLN113.png,JPCLN113msk.png
JPCLN114.png,JPCLN114msk.png
JPCLN115.png,JPCLN115msk.png
JPCLN116.png,JPCLN116msk.png
JPCLN117.png,JPCLN117msk.png
JPCLN118.png,JPCLN118msk.png
JPCLN119.png,JPCLN119msk.png
JPCLN120.png,JPCLN120msk.png
JPCLN121.png,JPCLN121msk.png
JPCLN122.png,JPCLN122msk.png
JPCLN123.png,JPCLN123msk.png
JPCLN124.png,JPCLN124msk.png
JPCLN125.png,JPCLN125msk.png
JPCLN126.png,JPCLN126msk.png
JPCLN127.png,JPCLN127msk.png
JPCLN128.png,JPCLN128msk.png
JPCLN129.png,JPCLN129msk.png
JPCLN130.png,JPCLN130msk.png
JPCLN131.png,JPCLN131msk.png
JPCLN132.png,JPCLN132msk.png
JPCLN133.png,JPCLN133msk.png
JPCLN134.png,JPCLN134msk.png
JPCLN135.png,JPCLN135msk.png
JPCLN136.png,JPCLN136msk.png
JPCLN137.png,JPCLN137msk.png
JPCLN138.png,JPCLN138msk.png
JPCLN139.png,JPCLN139msk.png
JPCLN140.png,JPCLN140msk.png
JPCLN141.png,JPCLN141msk.png
JPCLN142.png,JPCLN142msk.png
JPCLN143.png,JPCLN143msk.png
JPCLN144.png,JPCLN144msk.png
JPCLN145.png,JPCLN145msk.png
JPCLN146.png,JPCLN146msk.png
JPCLN147.png,JPCLN147msk.png
JPCLN148.png,JPCLN148msk.png
JPCLN149.png,JPCLN149msk.png
JPCLN150.png,JPCLN150msk.png
JPCLN151.png,JPCLN151msk.png
JPCLN152.png,JPCLN152msk.png
JPCLN153.png,JPCLN153msk.png
JPCLN154.png,JPCLN154msk.png
JPCNN001.png,JPCNN001msk.png
JPCNN002.png,JPCNN002msk.png
JPCNN003.png,JPCNN003msk.png
JPCNN004.png,JPCNN004msk.png
JPCNN005.png,JPCNN005msk.png
JPCNN006.png,JPCNN006msk.png
JPCNN007.png,JPCNN007msk.png
JPCNN008.png,JPCNN008msk.png
JPCNN009.png,JPCNN009msk.png
JPCNN010.png,JPCNN010msk.png
JPCNN011.png,JPCNN011msk.png
JPCNN012.png,JPCNN012msk.png
JPCNN013.png,JPCNN013msk.png
JPCNN014.png,JPCNN014msk.png
JPCNN015.png,JPCNN015msk.png
JPCNN016.png,JPCNN016msk.png
JPCNN017.png,JPCNN017msk.png
JPCNN018.png,JPCNN018msk.png
JPCNN019.png,JPCNN019msk.png
JPCNN020.png,JPCNN020msk.png
JPCNN021.png,JPCNN021msk.png
JPCNN022.png,JPCNN022msk.png
JPCNN023.png,JPCNN023msk.png
JPCNN024.png,JPCNN024msk.png
JPCNN025.png,JPCNN025msk.png
JPCNN026.png,JPCNN026msk.png
JPCNN027.png,JPCNN027msk.png
JPCNN028.png,JPCNN028msk.png
JPCNN029.png,JPCNN029msk.png
JPCNN030.png,JPCNN030msk.png
JPCNN031.png,JPCNN031msk.png
JPCNN032.png,JPCNN032msk.png
JPCNN033.png,JPCNN033msk.png
JPCNN034.png,JPCNN034msk.png
JPCNN035.png,JPCNN035msk.png
JPCNN036.png,JPCNN036msk.png
JPCNN037.png,JPCNN037msk.png
JPCNN038.png,JPCNN038msk.png
JPCNN039.png,JPCNN039msk.png
JPCNN040.png,JPCNN040msk.png
JPCNN041.png,JPCNN041msk.png
JPCNN042.png,JPCNN042msk.png
JPCNN043.png,JPCNN043msk.png
JPCNN044.png,JPCNN044msk.png
JPCNN045.png,JPCNN045msk.png
JPCNN046.png,JPCNN046msk.png
JPCNN047.png,JPCNN047msk.png
JPCNN048.png,JPCNN048msk.png
JPCNN049.png,JPCNN049msk.png
JPCNN050.png,JPCNN050msk.png
JPCNN051.png,JPCNN051msk.png
JPCNN052.png,JPCNN052msk.png
JPCNN053.png,JPCNN053msk.png
JPCNN054.png,JPCNN054msk.png
JPCNN055.png,JPCNN055msk.png
JPCNN056.png,JPCNN056msk.png
JPCNN057.png,JPCNN057msk.png
JPCNN058.png,JPCNN058msk.png
JPCNN059.png,JPCNN059msk.png
JPCNN060.png,JPCNN060msk.png
JPCNN061.png,JPCNN061msk.png
JPCNN062.png,JPCNN062msk.png
JPCNN063.png,JPCNN063msk.png
JPCNN064.png,JPCNN064msk.png
JPCNN065.png,JPCNN065msk.png
JPCNN066.png,JPCNN066msk.png
JPCNN067.png,JPCNN067msk.png
JPCNN068.png,JPCNN068msk.png
JPCNN069.png,JPCNN069msk.png
JPCNN070.png,JPCNN070msk.png
JPCNN071.png,JPCNN071msk.png
JPCNN072.png,JPCNN072msk.png
JPCNN073.png,JPCNN073msk.png
JPCNN074.png,JPCNN074msk.png
JPCNN075.png,JPCNN075msk.png
JPCNN076.png,JPCNN076msk.png
JPCNN077.png,JPCNN077msk.png
JPCNN078.png,JPCNN078msk.png
JPCNN079.png,JPCNN079msk.png
JPCNN080.png,JPCNN080msk.png
JPCNN081.png,JPCNN081msk.png
JPCNN082.png,JPCNN082msk.png
JPCNN083.png,JPCNN083msk.png
JPCNN084.png,JPCNN084msk.png
JPCNN085.png,JPCNN085msk.png
JPCNN086.png,JPCNN086msk.png
JPCNN087.png,JPCNN087msk.png
JPCNN088.png,JPCNN088msk.png
JPCNN089.png,JPCNN089msk.png
JPCNN090.png,JPCNN090msk.png
JPCNN091.png,JPCNN091msk.png
JPCNN092.png,JPCNN092msk.png
JPCNN093.png,JPCNN093msk.png
